Time,Driver,Position,GapToLeader,IntervalToPositionAhead
5.575,33,1,,
6.165,33,1,LAP 1,LAP 1
15566.43,33,1,LAP 2,LAP 2
15764.837,33,1,LAP 3,LAP 3
15968.867,33,1,LAP 4,LAP 4
5.575,63,2,,
15375.938,63,2,+3.403,+3.403
15383.524,63,2,+1.714,+1.714
15389.826,63,2,+1.135,+1.135
15395.822,63,2,+0.888,+0.888
15403.515,63,2,+1.033,+1.033
15409.127,63,2,+1.371,+1.371
15416.417,63,2,+1.333,+1.333
15424.0,63,2,+1.667,+1.667
15432.291,63,2,+1.401,+1.401
15439.188,63,2,+1.171,+1.171
15446.979,63,2,+1.069,+1.069
15454.599,63,2,+1.117,+1.117
15463.093,63,2,+1.392,+1.392
15470.671,63,2,+1.453,+1.453
15479.439,63,2,+0.819,+0.819
15487.477,63,2,+1.470,+1.470
15496.208,63,2,+1.093,+1.093
15504.974,63,2,+1.213,+1.213
15513.019,63,2,+0.992,+0.992
15524.929,63,2,+1.534,+1.534
15528.864,63,2,+1.301,+1.301
15534.382,63,2,+1.276,+1.276
15542.107,63,2,+1.102,+1.102
15550.069,63,2,+1.627,+1.627
15561.223,63,2,+2.166,+2.166
15568.425,63,2,+1.995,+1.995
15575.741,63,2,+1.866,+1.866
15585.811,63,2,+1.350,+1.350
15593.211,63,2,+2.250,+2.250
15598.867,63,2,+2.536,+2.536
15603.934,63,2,+2.063,+2.063
15610.386,63,2,+1.184,+1.184
15615.807,63,2,+1.954,+1.954
15622.614,63,2,+2.591,+2.591
15629.103,63,2,+2.213,+2.213
15637.326,63,2,+2.311,+2.311
15643.288,63,2,+1.851,+1.851
15650.303,63,2,+1.486,+1.486
15657.672,63,2,+1.586,+1.586
15665.5,63,2,+1.554,+1.554
15673.327,63,2,+2.281,+2.281
15681.827,63,2,+1.728,+1.728
15688.929,63,2,+2.038,+2.038
15698.071,63,2,+2.131,+2.131
15706.743,63,2,+2.346,+2.346
15714.352,63,2,+2.127,+2.127
15725.545,63,2,+2.159,+2.159
15729.134,63,2,+1.563,+1.563
15734.157,63,2,+1.273,+1.273
15741.453,63,2,+1.492,+1.492
15749.49,63,2,+1.500,+1.500
15760.135,63,2,+2.420,+2.420
15767.24,63,2,+2.425,+2.425
15774.071,63,2,+2.091,+2.091
15783.725,63,2,+2.353,+2.353
15790.347,63,2,+1.390,+1.390
15796.257,63,2,+2.469,+2.469
15801.272,63,2,+2.361,+2.361
15807.479,63,2,+2.227,+2.227
15812.397,63,2,+2.016,+2.016
15818.436,63,2,+2.030,+2.030
15825.349,63,2,+2.096,+2.096
15833.567,63,2,+1.895,+1.895
15839.537,63,2,+1.703,+1.703
15846.541,63,2,+1.414,+1.414
15853.87,63,2,+1.222,+1.222
15861.89,63,2,+1.392,+1.392
15869.696,63,2,+2.269,+2.269
15877.92,63,2,+1.523,+1.523
15886.307,63,2,+2.526,+2.526
15895.291,63,2,+2.731,+2.731
15903.722,63,2,+2.406,+2.406
15911.112,63,2,+2.260,+2.260
15921.876,63,2,+1.363,+1.363
15926.048,63,2,+1.459,+1.459
15931.909,63,2,+1.342,+1.342
15939.614,63,2,+1.396,+1.396
15947.761,63,2,+2.151,+2.151
15958.23,63,2,+2.198,+2.198
17376.887,63,2,+1.995,+1.995
5.575,44,3,,
15378.398,44,3,+5.887,+2.484
15385.25,44,3,+3.453,+1.739
15390.982,44,3,+2.302,+1.167
15396.525,44,3,+1.566,+0.678
15404.532,44,3,+1.986,+0.953
15410.419,44,3,+2.680,+1.309
15417.592,44,3,+2.425,+1.092
15424.681,44,3,+2.289,+0.622
15433.113,44,3,+2.247,+0.846
15439.703,44,3,+1.687,+0.516
15447.593,44,3,+1.777,+0.708
15455.234,44,3,+1.770,+0.653
15463.717,44,3,+2.037,+0.645
15471.385,44,3,+2.168,+0.715
15480.134,44,3,+1.498,+0.679
15488.127,44,3,+2.079,+0.609
15496.999,44,3,+1.812,+0.719
15506.022,44,3,+2.158,+0.945
15514.043,44,3,+2.088,+1.096
15527.007,44,3,+3.604,+2.070
15530.559,44,3,+3.010,+1.709
15535.617,44,3,+2.516,+1.240
15543.873,44,3,+2.901,+1.799
15551.379,44,3,+2.932,+1.305
15561.575,44,3,+2.778,+0.612
15569.019,44,3,+2.601,+0.606
15576.658,44,3,+2.774,+0.908
15587.906,44,3,+3.448,+2.098
15595.498,44,3,+4.463,+2.213
15600.365,44,3,+4.039,+1.503
15604.906,44,3,+3.031,+0.968
15611.571,44,3,+2.370,+1.186
15617.081,44,3,+3.234,+1.280
15624.107,44,3,+4.096,+1.505
15630.301,44,3,+3.388,+1.175
15637.97,44,3,+2.916,+0.605
15643.765,44,3,+2.343,+0.492
15650.854,44,3,+2.046,+0.560
15658.487,44,3,+2.429,+0.843
15666.178,44,3,+2.209,+0.655
15674.346,44,3,+3.291,+1.010
15682.255,44,3,+2.154,+0.426
15690.04,44,3,+3.064,+1.026
15698.574,44,3,+2.569,+0.438
15707.313,44,3,+2.819,+0.473
15715.86,44,3,+3.656,+1.529
15726.886,44,3,+3.426,+1.267
15730.118,44,3,+2.549,+0.986
15735.969,44,3,+3.072,+1.799
15742.612,44,3,+2.602,+1.110
15750.817,44,3,+2.827,+1.327
15760.991,44,3,+3.551,+1.131
15768.135,44,3,+3.328,+0.903
15774.829,44,3,+2.890,+0.799
15785.246,44,3,+3.887,+1.534
15792.761,44,3,+3.885,+2.495
15797.597,44,3,+3.819,+1.350
15802.848,44,3,+3.939,+1.578
15810.342,44,3,+5.083,+2.856
15814.597,44,3,+4.291,+2.275
15820.905,44,3,+4.453,+2.423
15827.919,44,3,+4.662,+2.566
15835.755,44,3,+4.024,+2.129
15841.128,44,3,+3.294,+1.591
15847.707,44,3,+2.562,+1.148
15855.06,44,3,+2.437,+1.215
15863.238,44,3,+2.707,+1.315
15870.852,44,3,+3.409,+1.140
15879.128,44,3,+2.765,+1.242
15888.053,44,3,+4.275,+1.749
15896.939,44,3,+4.360,+1.629
15904.738,44,3,+3.422,+1.016
15911.814,44,3,+2.978,+0.718
15922.895,44,3,+2.426,+1.063
15927.689,44,3,+3.063,+1.604
15933.691,44,3,+3.114,+1.772
15941.261,44,3,+3.078,+1.682
15949.862,44,3,+4.219,+2.068
15959.313,44,3,+3.518,+1.320
17376.887,44,3,+2.601,+0.606
5.575,3,4,,
15382.016,3,4,+9.486,+3.599
15388.432,3,4,+6.578,+3.125
15393.392,3,4,+4.677,+2.375
15398.087,3,4,+3.139,+1.573
15405.541,3,4,+2.918,+0.932
15411.254,3,4,+3.529,+0.849
15419.133,3,4,+4.030,+1.605
15426.128,3,4,+3.765,+1.476
15434.226,3,4,+3.402,+1.155
15440.674,3,4,+2.697,+1.010
15448.289,3,4,+2.465,+0.688
15456.008,3,4,+2.579,+0.809
15464.707,3,4,+3.081,+1.044
15473.27,3,4,+4.054,+1.886
15481.031,3,4,+2.392,+0.894
15489.073,3,4,+3.040,+0.961
15498.087,3,4,+2.962,+1.150
15507.32,3,4,+3.540,+1.382
15515.384,3,4,+3.378,+1.290
15529.775,3,4,+6.357,+2.753
15533.957,3,4,+6.326,+3.316
15537.954,3,4,+4.851,+2.335
15545.029,3,4,+4.036,+1.135
15553.021,3,4,+4.577,+1.645
15562.873,3,4,+4.128,+1.350
15570.906,3,4,+4.496,+1.895
15577.957,3,4,+4.094,+1.320
15589.393,3,4,+4.885,+1.437
15599.081,3,4,+8.114,+3.651
15603.396,3,4,+7.059,+3.020
15607.252,3,4,+5.426,+2.395
15612.592,3,4,+3.381,+1.011
15618.46,3,4,+4.600,+1.366
15625.489,3,4,+5.462,+1.366
15632.223,3,4,+5.289,+1.901
15639.939,3,4,+4.874,+1.958
15645.196,3,4,+3.873,+1.530
15652.422,3,4,+3.627,+1.581
15659.368,3,4,+3.330,+0.901
15670.374,3,4,+6.402,+4.193
15676.515,3,4,+5.462,+2.171
15683.413,3,4,+3.280,+1.126
15691.154,3,4,+4.180,+1.116
15699.364,3,4,+3.412,+0.843
15708.84,3,4,+4.414,+1.595
15716.908,3,4,+4.679,+1.023
15729.567,3,4,+6.151,+2.725
15733.066,3,4,+5.501,+2.952
15737.535,3,4,+4.598,+1.526
15743.896,3,4,+3.888,+1.286
15751.778,3,4,+3.748,+0.921
15762.522,3,4,+5.147,+1.596
15770.114,3,4,+5.309,+1.981
15776.342,3,4,+4.335,+1.445
15787.297,3,4,+5.866,+1.979
15796.762,3,4,+7.899,+4.014
15801.28,3,4,+7.437,+3.618
15805.251,3,4,+6.352,+2.413
15811.619,3,4,+6.348,+1.265
15817.296,3,4,+6.998,+2.707
15823.475,3,4,+7.066,+2.613
15830.081,3,4,+6.816,+2.154
15837.629,3,4,+5.957,+1.933
15842.806,3,4,+4.970,+1.676
15849.812,3,4,+4.659,+2.097
15856.142,3,4,+3.524,+1.087
15865.132,3,4,+4.692,+1.985
15872.433,3,4,+4.997,+1.588
15880.612,3,4,+4.240,+1.475
15889.643,3,4,+5.866,+1.591
15898.474,3,4,+5.898,+1.538
15906.569,3,4,+5.311,+1.889
15913.473,3,4,+4.634,+1.656
15925.159,3,4,+4.619,+2.193
15929.199,3,4,+4.617,+1.554
15934.794,3,4,+4.222,+1.108
15942.261,3,4,+4.070,+0.992
15950.815,3,4,+5.215,+0.996
15961.977,3,4,+5.951,+2.433
17376.887,3,4,+4.496,+1.895
5.575,5,5,,
15386.963,5,5,+14.448,+4.962
15393.337,5,5,+11.547,+4.969
15398.029,5,5,+9.364,+4.687
15402.266,5,5,+7.287,+4.148
15407.624,5,5,+5.097,+2.179
15412.812,5,5,+5.096,+1.567
15421.011,5,5,+5.927,+1.897
15428.208,5,5,+5.932,+2.167
15436.963,5,5,+6.152,+2.750
15443.076,5,5,+5.081,+2.384
15450.5,5,5,+4.650,+2.185
15459.477,5,5,+6.043,+3.464
15467.416,5,5,+5.735,+2.654
15475.319,5,5,+6.106,+2.052
15483.591,5,5,+4.969,+2.577
15491.688,5,5,+5.559,+2.519
15500.794,5,5,+5.703,+2.741
15509.522,5,5,+5.748,+2.208
15517.593,5,5,+5.596,+2.218
15531.572,5,5,+8.129,+1.772
15536.741,5,5,+9.188,+2.862
15541.293,5,5,+8.189,+3.338
15547.431,5,5,+6.377,+2.341
15554.91,5,5,+6.484,+1.907
15565.436,5,5,+6.378,+2.250
15573.887,5,5,+7.479,+2.983
15580.197,5,5,+6.354,+2.260
15591.496,5,5,+6.731,+1.846
15602.754,5,5,+11.761,+3.647
15607.612,5,5,+11.277,+4.218
15611.509,5,5,+9.644,+4.218
15616.448,5,5,+7.167,+3.786
15620.557,5,5,+6.716,+2.116
15627.4,5,5,+7.390,+1.928
15634.979,5,5,+8.090,+2.801
15642.923,5,5,+7.912,+3.038
15648.733,5,5,+7.330,+3.457
15655.198,5,5,+6.418,+2.791
15663.136,5,5,+6.923,+3.593
15673.15,5,5,+9.206,+2.804
15679.371,5,5,+8.321,+2.859
15686.17,5,5,+6.064,+2.784
15692.354,5,5,+5.428,+1.248
15702.06,5,5,+6.091,+2.679
15711.329,5,5,+6.954,+2.540
15719.584,5,5,+7.393,+2.714
15732.196,5,5,+8.805,+2.654
15736.471,5,5,+8.833,+3.332
15740.561,5,5,+7.680,+3.082
15746.075,5,5,+6.017,+2.129
15753.637,5,5,+5.623,+1.875
15765.373,5,5,+7.698,+2.551
15772.439,5,5,+7.601,+2.292
15778.745,5,5,+6.780,+2.445
15789.064,5,5,+7.605,+1.739
15799.497,5,5,+10.625,+2.726
15804.011,5,5,+10.246,+2.809
15807.828,5,5,+8.890,+2.538
15813.056,5,5,+7.784,+1.436
15818.105,5,5,+7.799,+0.801
15824.762,5,5,+8.297,+1.231
15831.903,5,5,+8.630,+1.814
15839.057,5,5,+7.411,+1.454
15844.459,5,5,+6.589,+1.619
15851.492,5,5,+6.340,+1.681
15859.134,5,5,+6.507,+2.983
15867.692,5,5,+7.209,+2.517
15874.811,5,5,+7.355,+2.358
15882.005,5,5,+5.613,+1.373
15891.211,5,5,+7.401,+1.535
15900.825,5,5,+8.249,+2.351
15908.624,5,5,+7.372,+2.061
15915.772,5,5,+6.939,+2.305
15926.984,5,5,+6.501,+1.882
15932.392,5,5,+7.819,+3.202
15937.171,5,5,+6.601,+2.379
15944.11,5,5,+5.948,+1.878
15951.951,5,5,+6.355,+1.140
15963.946,5,5,+7.894,+1.943
17376.887,5,5,+7.479,+2.983
5.575,10,6,,
15389.966,10,6,+17.459,+3.011
15396.889,10,6,+15.064,+3.517
15401.908,10,6,+13.199,+3.835
15405.925,10,6,+10.938,+3.651
15410.92,10,6,+8.433,+3.336
15415.751,10,6,+8.035,+2.939
15423.087,10,6,+8.044,+2.117
15429.949,10,6,+7.617,+1.685
15438.181,10,6,+7.310,+1.158
15444.489,10,6,+6.463,+1.382
15451.372,10,6,+5.573,+0.923
15460.152,10,6,+6.663,+0.620
15468.401,10,6,+6.722,+0.987
15476.963,10,6,+7.749,+1.643
15484.45,10,6,+5.796,+0.827
15493.788,10,6,+7.758,+2.199
15502.085,10,6,+6.999,+1.296
15510.397,10,6,+6.599,+0.851
15519.415,10,6,+7.409,+1.813
15532.875,10,6,+9.526,+1.397
15538.733,10,6,+11.143,+1.955
15543.993,10,6,+10.853,+2.664
15549.804,10,6,+8.893,+2.516
15556.581,10,6,+8.160,+1.676
15569.441,10,6,+10.369,+3.991
15576.604,10,6,+10.177,+2.698
15583.043,10,6,+9.174,+2.820
15592.41,10,6,+7.934,+1.203
15604.647,10,6,+13.642,+1.881
15610.969,10,6,+14.640,+3.363
15615.118,10,6,+13.272,+3.628
15620.048,10,6,+10.780,+3.613
15624.461,10,6,+10.638,+3.922
15630.353,10,6,+10.384,+2.994
15637.396,10,6,+10.470,+2.380
15644.9,10,6,+9.818,+1.906
15650.252,10,6,+8.896,+1.566
15656.728,10,6,+7.927,+1.509
15663.418,10,6,+7.317,+0.394
15674.319,10,6,+10.347,+1.141
15681.493,10,6,+10.449,+2.128
15688.085,10,6,+7.982,+1.918
15693.677,10,6,+6.761,+1.333
15703.566,10,6,+7.609,+1.518
15712.438,10,6,+8.001,+1.047
15720.709,10,6,+8.451,+1.058
15733.645,10,6,+10.266,+1.461
15738.383,10,6,+10.803,+1.970
15743.602,10,6,+10.698,+3.018
15749.086,10,6,+9.063,+3.046
15755.181,10,6,+7.167,+1.544
15767.783,10,6,+10.294,+2.596
15775.911,10,6,+11.087,+3.486
15781.859,10,6,+9.822,+3.042
15790.601,10,6,+9.212,+1.607
15800.96,10,6,+12.119,+1.494
15806.373,10,6,+12.598,+2.352
15810.397,10,6,+11.507,+2.617
15815.178,10,6,+9.914,+2.130
15820.466,10,6,+10.213,+2.414
15827.175,10,6,+10.727,+2.430
15833.904,10,6,+10.582,+1.952
15841.774,10,6,+10.081,+2.670
15847.296,10,6,+9.336,+2.747
15853.441,10,6,+8.256,+1.916
15860.084,10,6,+7.440,+0.933
15869.768,10,6,+9.332,+2.123
15878.091,10,6,+10.654,+3.299
15885.288,10,6,+8.888,+3.275
15893.048,10,6,+9.272,+1.871
15902.319,10,6,+9.731,+1.482
15910.475,10,6,+9.213,+1.841
15917.765,10,6,+8.943,+2.004
15928.434,10,6,+7.930,+1.429
15933.831,10,6,+9.242,+1.423
15939.483,10,6,+8.925,+2.324
15946.494,10,6,+8.301,+2.353
15953.821,10,6,+8.220,+1.865
15966.056,10,6,+10.275,+2.381
17376.887,10,6,+10.177,+2.698
5.575,11,7,,
15396.118,11,8,,
15399.921,11,9,,
15401.678,11,10,,
15405.098,11,11,,
15409.076,11,12,,
15410.876,11,13,,
15415.229,11,14,,
15423.487,11,15,,
15427.684,11,16,,
15428.701,11,17,,
15432.06,11,18,,
15435.906,11,19,,
15439.092,11,20,,
15442.034,11,20,+69.416,+2.841
15449.895,11,20,+68.069,+3.085
15456.712,11,20,+68.046,+4.315
15461.141,11,20,+66.190,+4.303
15466.172,11,20,+63.647,+4.015
15469.921,11,20,+62.187,+3.594
15476.561,11,20,+61.494,+4.094
15482.735,11,20,+60.370,+3.355
15489.787,11,20,+58.921,+3.515
15494.733,11,20,+56.764,+3.492
15500.091,11,20,+54.255,+3.241
15506.166,11,20,+52.685,+3.430
15512.618,11,20,+50.904,+3.701
15520.337,11,20,+51.069,+5.709
15526.578,11,20,+47.821,+5.740
15531.52,11,20,+45.437,+5.465
15538.183,11,20,+43.008,+5.324
15544.36,11,20,+40.563,+5.232
15550.44,11,20,+38.455,+5.099
15558.974,11,20,+35.574,+3.155
15563.761,11,20,+36.197,+2.229
15571.109,11,20,+38.002,+3.284
15578.118,11,20,+37.070,+2.758
15587.627,11,20,+39.201,+1.651
15597.895,11,20,+39.070,+2.027
15604.641,11,20,+38.205,+2.151
15611.622,11,20,+37.760,+2.417
15620.306,11,20,+35.871,+2.354
15631.836,11,20,+40.838,+2.372
15639.89,11,20,+43.555,+2.553
15644.795,11,20,+42.930,+1.550
15653.563,11,20,+44.285,+1.890
15660.814,11,20,+46.984,+1.587
15670.77,11,20,+50.762,+4.021
15677.37,11,20,+50.394,+3.726
15684.294,11,20,+49.254,+3.604
15689.125,11,20,+47.782,+3.415
15694.608,11,20,+45.820,+3.582
15700.34,11,20,+44.273,+3.558
15706.68,11,20,+42.700,+3.773
15712.722,11,20,+41.675,+3.851
15719.118,11,20,+39.016,+4.114
15724.504,11,20,+37.576,+4.255
15731.27,11,20,+35.313,+4.196
15737.525,11,20,+33.110,+4.036
15743.738,11,20,+31.489,+3.941
15754.199,11,20,+30.820,+2.901
15761.269,11,20,+33.712,+1.685
15770.549,11,20,+37.599,+1.489
15780.24,11,20,+40.214,+1.831
15787.908,11,20,+39.892,+2.834
15796.985,11,20,+39.557,+2.485
15804.08,11,20,+39.271,+2.628
15811.006,11,20,+38.984,+3.276
15819.538,11,20,+38.130,+3.036
15826.958,11,20,+38.056,+1.892
15836.079,11,20,+42.271,+1.095
15841.709,11,20,+42.769,+0.872
15849.501,11,20,+44.250,+2.369
15856.713,11,20,+46.410,+4.534
15863.393,11,20,+46.943,+4.056
15869.601,11,20,+46.346,+3.476
15876.538,11,20,+44.899,+3.383
15882.19,11,20,+44.270,+3.824
15888.999,11,20,+43.759,+3.112
15895.711,11,20,+43.058,+3.332
15902.746,11,20,+42.258,+3.394
15909.755,11,20,+42.328,+2.678
15916.958,11,20,+40.578,+2.005
15923.249,11,20,+39.425,+1.573
15931.138,11,20,+38.559,+1.517
15938.12,11,20,+36.858,+1.343
15944.824,11,20,+35.999,+1.357
15954.286,11,20,+33.793,+1.912
15959.573,11,20,+34.981,+1.798
15966.243,11,20,+35.633,+2.016
15973.727,11,20,+35.532,+1.928
15982.822,11,20,+37.180,+2.536
15994.461,11,20,+38.690,+2.368
17376.887,11,20,+38.205,+2.151
5.575,31,8,,
15396.115,31,8,+23.589,
15396.118,31,7,+23.589,
15403.217,31,7,+21.379,+6.315
15408.038,31,7,+19.355,+6.156
15412.416,31,7,+17.435,+6.497
15417.369,31,7,+14.844,+6.411
15421.32,31,7,+13.576,+5.541
15427.442,31,7,+12.345,+4.301
15433.713,31,7,+11.351,+3.734
15440.815,31,7,+10.002,+2.692
15446.14,31,7,+8.159,+1.696
15453.018,31,7,+7.208,+1.635
15461.194,31,7,+7.709,+1.046
15470.027,31,7,+8.334,+1.612
15479.122,31,7,+9.890,+2.141
15486.161,31,7,+7.494,+1.698
15495.349,31,7,+9.295,+1.537
15503.971,31,7,+8.863,+1.864
15512.046,31,7,+8.245,+1.646
15520.63,31,7,+8.595,+1.186
15534.492,31,7,+11.112,+1.586
15540.474,31,7,+12.901,+1.758
15546.114,31,7,+12.937,+2.084
15552.393,31,7,+11.416,+2.523
15559.353,31,7,+10.921,+2.761
15570.74,31,7,+11.683,+1.314
15578.001,31,7,+11.579,+1.402
15585.243,31,7,+11.416,+2.242
15594.595,31,7,+10.113,+2.179
15607.201,31,7,+16.164,+2.522
15612.821,31,7,+16.505,+1.865
15617.342,31,7,+15.480,+2.208
15623.247,31,7,+13.979,+3.199
15629.038,31,7,+15.171,+4.533
15636.272,31,7,+16.248,+5.864
15642.097,31,7,+15.227,+4.757
15649.198,31,7,+14.195,+4.377
15654.249,31,7,+12.857,+3.961
15659.705,31,7,+10.900,+2.973
15666.026,31,7,+9.909,+2.592
15675.596,31,7,+11.673,+1.326
15683.72,31,7,+12.664,+2.215
15690.739,31,7,+10.652,+2.670
15696.895,31,7,+9.967,+3.206
15705.211,31,7,+9.262,+1.653
15713.66,31,7,+9.308,+1.307
15721.822,31,7,+9.591,+1.140
15734.817,31,7,+11.453,+1.187
15740.078,31,7,+12.509,+1.706
15745.631,31,7,+12.730,+2.032
15752.085,31,7,+12.061,+2.998
15758.652,31,7,+10.630,+3.463
15768.843,31,7,+11.417,+1.123
15776.588,31,7,+11.725,+0.638
15783.237,31,7,+11.268,+1.446
15792.444,31,7,+11.079,+1.867
15802.968,31,7,+14.080,+1.961
15808.906,31,7,+15.140,+2.542
15813.099,31,7,+14.236,+2.729
15818.389,31,7,+13.106,+3.192
15823.644,31,7,+13.336,+3.123
15830.769,31,7,+14.281,+3.554
15837.345,31,7,+14.091,+3.509
15844.506,31,7,+12.858,+2.777
15849.602,31,7,+11.748,+2.412
15855.666,31,7,+10.495,+2.239
15861.754,31,7,+9.136,+1.696
15870.69,31,7,+10.237,+0.905
15880.184,31,7,+12.755,+2.101
15887.561,31,7,+11.147,+2.259
15895.176,31,7,+11.361,+2.089
15903.922,31,7,+11.336,+1.605
15912.05,31,7,+10.831,+1.618
15919.338,31,7,+10.470,+1.527
15930.062,31,7,+9.572,+1.642
15935.351,31,7,+10.768,+1.526
15941.669,31,7,+11.099,+2.174
15948.584,31,7,+10.425,+2.124
15956.831,31,7,+11.222,+3.002
15967.676,31,7,+11.791,+1.516
17376.887,31,7,+11.579,+1.402
5.575,16,9,,
15399.917,16,9,+27.290,
15399.921,16,8,+27.290,
15407.293,16,8,+25.443,+4.064
15412.214,16,8,+23.545,+4.190
15416.258,16,8,+21.261,+3.826
15421.266,16,8,+18.741,+3.897
15425.613,16,8,+17.860,+4.284
15431.763,16,8,+16.690,+4.345
15437.546,16,8,+15.261,+3.910
15444.619,16,8,+13.797,+3.795
15449.724,16,8,+11.686,+3.527
15455.419,16,8,+9.583,+2.375
15462.504,16,8,+9.014,+1.305
15471.291,16,8,+9.631,+1.297
15481.108,16,8,+11.897,+2.007
15488.074,16,8,+9.441,+1.947
15497.695,16,8,+11.629,+2.334
15505.616,16,8,+10.458,+1.595
15513.392,16,8,+9.601,+1.356
15521.474,16,8,+9.428,+0.833
15535.966,16,8,+12.566,+1.454
15541.827,16,8,+14.258,+1.357
15547.996,16,8,+14.893,+1.956
15554.45,16,8,+13.430,+2.014
15561.045,16,8,+12.594,+1.673
15571.892,16,8,+12.845,+1.162
15579.036,16,8,+12.608,+1.029
15586.65,16,8,+12.777,+1.361
15595.593,16,8,+11.120,+1.007
15608.603,16,8,+17.603,+1.439
15613.973,16,8,+17.616,+1.111
15618.385,16,8,+16.531,+1.051
15624.519,16,8,+15.242,+1.263
15630.223,16,8,+16.363,+1.192
15638.289,16,8,+18.254,+2.006
15644.494,16,8,+17.602,+2.375
15651.975,16,8,+16.983,+2.788
15657.08,16,8,+15.701,+2.844
15662.614,16,8,+13.791,+2.891
15668.203,16,8,+12.135,+2.226
15676.95,16,8,+12.922,+1.249
15685.662,16,8,+14.612,+1.948
15692.248,16,8,+12.092,+1.440
15698.582,16,8,+11.593,+1.626
15706.106,16,8,+10.158,+0.896
15714.642,16,8,+10.278,+0.970
15722.63,16,8,+10.406,+0.815
15736.111,16,8,+12.731,+1.278
15741.585,16,8,+14.004,+1.495
15747.38,16,8,+14.484,+1.754
15753.711,16,8,+13.690,+1.629
15760.319,16,8,+12.302,+1.672
15769.734,16,8,+12.281,+0.864
15778.216,16,8,+13.415,+1.690
15785.166,16,8,+13.117,+1.849
15793.761,16,8,+12.391,+1.312
15804.635,16,8,+15.759,+1.679
15811.921,16,8,+18.162,+3.022
15816.602,16,8,+17.705,+3.469
15822.131,16,8,+16.834,+3.728
15826.677,16,8,+16.374,+3.038
15833.009,16,8,+16.565,+2.284
15839.406,16,8,+16.145,+2.054
15846.305,16,8,+14.658,+1.800
15851.587,16,8,+13.731,+1.983
15857.199,16,8,+12.057,+1.562
15863.208,16,8,+10.562,+1.426
15872.359,16,8,+11.803,+1.566
15882.979,16,8,+15.538,+2.783
15890.634,16,8,+14.258,+3.111
15897.23,16,8,+13.396,+2.035
15905.385,16,8,+12.797,+1.461
15913.517,16,8,+12.265,+1.434
15920.74,16,8,+11.917,+1.447
15931.214,16,8,+10.735,+1.163
15936.471,16,8,+11.894,+1.126
15942.824,16,8,+12.253,+1.154
15949.812,16,8,+11.624,+1.199
15958.103,16,8,+12.490,+1.268
15969.021,16,8,+13.217,+1.426
17376.887,16,8,+12.608,+1.029
5.575,6,10,,
15401.672,6,10,+29.199,
15401.678,6,9,+29.199,
15409.63,6,9,+27.834,+2.391
15415.59,6,9,+26.921,+3.376
15420.238,6,9,+25.273,+4.012
15425.745,6,9,+23.218,+4.477
15429.853,6,9,+22.117,+4.257
15435.586,6,9,+20.517,+3.827
15442.496,6,9,+20.181,+4.920
15449.96,6,9,+19.063,+5.266
15455.287,6,9,+17.346,+5.660
15461.779,6,9,+15.974,+6.391
15467.982,6,9,+14.525,+5.511
15474.719,6,9,+13.033,+3.402
15482.821,6,9,+13.601,+1.704
15490.593,6,9,+11.950,+2.509
15499.016,6,9,+12.964,+1.335
15507.445,6,9,+12.313,+1.855
15515.023,6,9,+11.230,+1.629
15522.925,6,9,+10.933,+1.505
15537.714,6,9,+14.326,+1.760
15543.555,6,9,+16.017,+1.759
15549.413,6,9,+16.320,+1.427
15557.456,6,9,+16.437,+3.007
15564.091,6,9,+15.660,+3.066
15574.245,6,9,+15.442,+2.597
15581.911,6,9,+15.485,+2.877
15589.203,6,9,+15.306,+2.529
15598.494,6,9,+14.025,+2.905
15609.942,6,9,+18.987,+1.384
15616.552,6,9,+20.220,+2.604
15621.315,6,9,+19.458,+2.927
15627.278,6,9,+17.995,+2.753
15631.991,6,9,+18.164,+1.801
15639.347,6,9,+19.320,+1.066
15646.331,6,9,+19.460,+1.858
15653.977,6,9,+18.884,+1.901
15659.154,6,9,+17.827,+2.126
15666.084,6,9,+17.195,+3.404
15672.024,6,9,+15.933,+3.798
15678.772,6,9,+14.821,+1.899
15687.448,6,9,+16.418,+1.806
15694.436,6,9,+14.354,+2.262
15700.584,6,9,+13.664,+2.071
15708.559,6,9,+12.591,+2.433
15716.245,6,9,+11.823,+1.545
15724.229,6,9,+11.986,+1.580
15737.051,6,9,+13.639,+0.908
15742.761,6,9,+15.169,+1.165
15748.762,6,9,+15.871,+1.387
15756.053,6,9,+16.057,+2.367
15762.723,6,9,+14.711,+2.409
15773.265,6,9,+15.610,+3.329
15780.783,6,9,+15.978,+2.563
15787.955,6,9,+15.941,+2.824
15797.188,6,9,+15.824,+3.433
15806.236,6,9,+17.336,+1.577
15813.553,6,9,+19.798,+1.636
15818.864,6,9,+19.949,+2.244
15824.983,6,9,+19.684,+2.850
15829.125,6,9,+18.810,+2.436
15835.251,6,9,+18.810,+2.245
15842.464,6,9,+19.188,+3.043
15850.074,6,9,+18.410,+3.752
15855.471,6,9,+17.661,+3.930
15861.899,6,9,+16.749,+4.692
15868.156,6,9,+15.481,+4.919
15874.874,6,9,+14.390,+2.587
15884.204,6,9,+16.709,+1.171
15892.403,6,9,+16.012,+1.754
15899.825,6,9,+15.956,+2.560
15908.038,6,9,+15.472,+2.675
15916.285,6,9,+15.070,+2.805
15923.614,6,9,+14.760,+2.843
15933.892,6,9,+13.378,+2.643
15938.353,6,9,+13.768,+1.874
15944.376,6,9,+13.822,+1.569
15952.013,6,9,+13.863,+2.239
15959.62,6,9,+13.984,+1.494
15971.664,6,9,+15.634,+2.417
17376.887,6,9,+15.485,+2.877
5.575,55,11,,
15405.089,55,11,+32.588,
15405.098,55,10,+32.588,
15413.212,55,10,+31.403,+3.569
15418.339,55,10,+29.680,+2.759
15422.273,55,10,+27.301,+2.028
15427.766,55,10,+25.188,+1.970
15432.163,55,10,+24.424,+2.307
15438.656,55,10,+23.491,+2.974
15444.405,55,10,+22.101,+1.920
15451.298,55,10,+20.477,+1.414
15456.488,55,10,+18.486,+1.140
15462.612,55,10,+16.810,+0.836
15468.694,55,10,+15.251,+0.726
15475.479,55,10,+13.811,+0.778
15483.958,55,10,+14.736,+1.135
15491.219,55,10,+12.577,+0.627
15500.662,55,10,+14.588,+1.624
15508.802,55,10,+13.699,+1.386
15515.946,55,10,+12.152,+0.922
15523.725,55,10,+11.692,+0.759
15538.491,55,10,+15.058,+0.732
15544.142,55,10,+16.596,+0.579
15550.525,55,10,+17.419,+1.099
15558.395,55,10,+17.412,+0.975
15566.262,55,10,+17.777,+2.117
15575.928,55,10,+17.126,+1.684
15582.599,55,10,+16.166,+0.681
15590.162,55,10,+16.329,+1.023
15599.507,55,10,+15.051,+1.026
15610.882,55,10,+19.900,+0.913
15618.952,55,10,+22.620,+2.400
15623.092,55,10,+21.214,+1.756
15628.601,55,10,+19.307,+1.312
15633.693,55,10,+19.842,+1.678
15640.68,55,10,+20.664,+1.344
15647.367,55,10,+20.300,+0.840
15654.618,55,10,+19.616,+0.732
15660.096,55,10,+18.680,+0.853
15666.813,55,10,+17.974,+0.779
15672.679,55,10,+16.606,+0.673
15679.444,55,10,+15.501,+0.680
15688.214,55,10,+17.154,+0.736
15695.532,55,10,+15.409,+1.055
15702.019,55,10,+15.032,+1.368
15709.447,55,10,+13.503,+0.912
15717.023,55,10,+12.603,+0.780
15725.009,55,10,+12.733,+0.747
15737.54,55,10,+14.099,+0.460
15743.347,55,10,+15.793,+0.624
15750.04,55,10,+17.149,+1.278
15757.107,55,10,+17.078,+1.021
15764.526,55,10,+16.474,+1.763
15773.777,55,10,+16.314,+0.704
15781.517,55,10,+16.718,+0.740
15788.629,55,10,+16.663,+0.722
15800.268,55,10,+18.896,+3.072
15807.928,55,10,+19.030,+1.694
15814.53,55,10,+20.763,+0.965
15819.533,55,10,+20.642,+0.693
15826.529,55,10,+21.248,+1.564
15831.683,55,10,+21.372,+2.562
15838.39,55,10,+21.937,+3.127
15844.409,55,10,+21.131,+1.943
15851.433,55,10,+19.799,+1.389
15856.51,55,10,+18.666,+1.005
15862.743,55,10,+17.589,+0.840
15868.83,55,10,+16.155,+0.674
15875.519,55,10,+15.014,+0.624
15886.252,55,10,+18.825,+2.116
15893.589,55,10,+17.220,+1.208
15901.023,55,10,+17.209,+1.253
15909.211,55,10,+16.617,+1.145
15916.872,55,10,+15.647,+0.577
15924.263,55,10,+15.443,+0.683
15934.843,55,10,+14.327,+0.949
15939.288,55,10,+14.703,+0.935
15945.37,55,10,+14.805,+0.983
15953.007,55,10,+14.830,+0.967
15960.789,55,10,+15.182,+1.198
15972.832,55,10,+16.961,+1.327
17376.887,55,10,+16.166,+0.681
5.575,14,12,,
15409.076,14,11,,
15409.116,14,11,+36.561,+3.973
15416.673,14,11,+34.761,+3.358
15421.978,14,11,+33.302,+3.622
15426.599,14,11,+31.582,+4.281
15432.113,14,11,+29.531,+4.343
15436.025,14,11,+28.270,+3.846
15442.211,14,11,+27.139,+3.648
15449.454,14,11,+27.131,+5.030
15457.037,14,11,+26.213,+5.736
15462.295,14,11,+24.323,+5.837
15468.169,14,11,+22.385,+5.575
15474.249,14,11,+20.825,+5.574
15480.888,14,11,+19.214,+5.403
15487.251,14,11,+17.999,+3.263
15494.947,14,11,+16.292,+3.715
15502.136,14,11,+16.047,+1.459
15510.513,14,11,+15.413,+1.714
15518.401,14,11,+14.615,+2.463
15525.706,14,11,+13.698,+2.006
15540.75,14,11,+17.361,+2.303
15546.873,14,11,+19.314,+2.718
15554.162,14,11,+21.058,+3.639
15561.173,14,11,+20.197,+2.785
15570.117,14,11,+21.655,+3.878
15579.802,14,11,+20.983,+3.857
15587.011,14,11,+20.590,+4.424
15594.383,14,11,+20.557,+4.228
15603.436,14,11,+18.963,+3.912
15614.071,14,11,+23.118,+3.218
15622.041,14,11,+25.724,+3.104
15627.932,14,11,+26.070,+4.856
15633.533,14,11,+24.288,+4.981
15637.479,14,11,+23.633,+3.791
15643.605,14,11,+23.587,+2.923
15650.4,14,11,+23.511,+3.211
15658.209,14,11,+23.203,+3.587
15663.773,14,11,+22.364,+3.684
15669.925,14,11,+21.119,+3.145
15676.187,14,11,+20.110,+3.504
15683.147,14,11,+19.189,+3.688
15690.342,14,11,+19.292,+2.138
15697.351,14,11,+17.274,+1.865
15703.979,14,11,+17.044,+2.012
15712.39,14,11,+16.408,+2.905
15719.537,14,11,+15.158,+2.555
15726.832,14,11,+14.556,+1.823
15739.421,14,11,+16.011,+1.912
15745.425,14,11,+17.873,+2.080
15752.948,14,11,+20.069,+2.920
15760.085,14,11,+20.055,+2.977
15767.727,14,11,+19.694,+3.220
15777.323,14,11,+19.883,+3.569
15785.132,14,11,+20.285,+3.567
15791.803,14,11,+19.827,+3.164
15802.353,14,11,+21.008,+2.112
15811.319,14,11,+22.436,+3.406
15818.182,14,11,+24.434,+3.671
15822.804,14,11,+23.907,+3.265
15829.052,14,11,+23.744,+2.496
15834.251,14,11,+23.935,+2.563
15840.583,14,11,+24.080,+2.143
15847.362,14,11,+23.995,+2.864
15854.87,14,11,+23.210,+3.411
15860.453,14,11,+22.568,+3.902
15866.262,14,11,+21.131,+3.542
15872.777,14,11,+20.167,+4.012
15880.243,14,11,+19.800,+4.786
15889.423,14,11,+21.962,+3.137
15896.641,14,11,+20.247,+3.027
15903.316,14,11,+19.506,+2.297
15912.637,14,11,+20.056,+3.439
15920.53,14,11,+19.266,+3.619
15927.689,14,11,+18.836,+3.393
15937.22,14,11,+16.703,+2.376
15941.317,14,11,+16.730,+2.027
15947.94,14,11,+17.372,+2.567
15956.367,14,11,+18.196,+3.366
15964.643,14,11,+19.013,+3.831
15976.039,14,11,+20.259,+3.298
17376.887,14,11,+20.590,+4.424
5.575,77,13,,
15410.867,77,13,+38.365,
15410.876,77,12,+38.365,
15417.834,77,12,+36.020,+1.259
15423.671,77,12,+35.002,+1.700
15428.088,77,12,+33.052,+1.470
15433.659,77,12,+31.106,+1.575
15438.779,77,12,+31.026,+2.756
15446.076,77,12,+30.995,+3.856
15451.887,77,12,+29.575,+2.444
15459.329,77,12,+28.508,+2.295
15464.373,77,12,+26.386,+2.063
15470.142,77,12,+24.339,+1.954
15476.082,77,12,+22.648,+1.823
15482.477,77,12,+20.774,+1.560
15489.125,77,12,+19.887,+1.888
15496.015,77,12,+17.372,+1.080
15504.036,77,12,+17.961,+1.914
15512.383,77,12,+17.225,+1.812
15519.607,77,12,+15.829,+1.214
15526.96,77,12,+14.912,+1.214
15541.878,77,12,+18.424,+1.063
15548.042,77,12,+20.471,+1.157
15555.141,77,12,+22.041,+0.983
15562.477,77,12,+21.499,+1.302
15571.303,77,12,+22.861,+1.206
15581.881,77,12,+23.064,+2.081
15588.827,77,12,+22.414,+1.824
15595.994,77,12,+22.135,+1.578
15604.966,77,12,+20.504,+1.541
15615.738,77,12,+24.746,+1.628
15622.899,77,12,+26.565,+0.841
15629.03,77,12,+27.147,+1.077
15635.369,77,12,+26.106,+1.818
15640.215,77,12,+26.386,+2.753
15646.752,77,12,+26.717,+3.130
15652.698,77,12,+25.807,+2.296
15660.242,77,12,+25.240,+2.037
15665.419,77,12,+24.040,+1.676
15671.834,77,12,+23.005,+1.886
15677.906,77,12,+21.838,+1.728
15684.527,77,12,+20.547,+1.358
15692.196,77,12,+21.165,+1.873
15698.819,77,12,+18.731,+1.457
15705.614,77,12,+18.653,+1.609
15713.573,77,12,+17.605,+1.197
15720.764,77,12,+16.376,+1.218
15728.51,77,12,+16.281,+1.725
15741.753,77,12,+18.360,+2.349
15748.062,77,12,+20.487,+2.614
15755.512,77,12,+22.610,+2.541
15762.333,77,12,+22.323,+2.268
15769.637,77,12,+21.644,+1.950
15779.999,77,12,+22.587,+2.704
15786.879,77,12,+22.076,+1.791
15793.429,77,12,+21.454,+1.627
15802.854,77,12,+21.483,+0.475
15812.407,77,12,+23.527,+1.091
15819.772,77,12,+26.017,+1.583
15824.845,77,12,+25.960,+2.053
15830.659,77,12,+25.330,+1.586
15835.896,77,12,+25.536,+1.601
15843.131,77,12,+26.685,+2.605
15849.4,77,12,+26.097,+2.102
15856.754,77,12,+25.080,+1.870
15861.941,77,12,+24.059,+1.491
15868.209,77,12,+23.037,+1.906
15874.252,77,12,+21.649,+1.482
15882.134,77,12,+21.695,+1.895
15892.554,77,12,+25.133,+3.171
15900.107,77,12,+23.708,+3.461
15906.509,77,12,+22.700,+3.194
15914.153,77,12,+21.590,+1.534
15922.158,77,12,+20.923,+1.657
15929.512,77,12,+20.690,+1.854
15940.222,77,12,+19.718,+3.015
15944.96,77,12,+20.359,+3.629
15951.216,77,12,+20.649,+3.277
15958.3,77,12,+20.109,+1.913
15966.328,77,12,+20.713,+1.700
15977.976,77,12,+21.946,+1.687
17376.887,77,12,+22.414,+1.824
5.575,99,14,,
15415.228,99,14,+42.716,
15415.229,99,13,+42.716,
15421.834,99,13,+40.015,+3.995
15426.764,99,13,+38.039,+3.037
15431.142,99,13,+36.171,+3.119
15436.636,99,13,+34.110,+3.004
15441.2,99,13,+33.467,+2.441
15448.34,99,13,+33.255,+2.260
15455.322,99,13,+33.014,+3.439
15462.665,99,13,+31.840,+3.332
15467.859,99,13,+29.907,+3.521
15473.781,99,13,+27.977,+3.638
15479.816,99,13,+26.395,+3.747
15486.118,99,13,+24.490,+3.716
15492.292,99,13,+23.057,+3.170
15499.067,99,13,+20.387,+3.015
15505.778,99,13,+19.702,+1.741
15514.185,99,13,+19.092,+1.867
15521.653,99,13,+17.859,+2.030
15528.567,99,13,+16.560,+1.648
15544.237,99,13,+20.838,+2.414
15549.646,99,13,+22.091,+1.620
15556.458,99,13,+23.360,+1.319
15564.271,99,13,+23.303,+1.804
15572.912,99,13,+24.464,+1.603
15584.11,99,13,+25.038,+1.974
15590.57,99,13,+24.163,+1.749
15597.626,99,13,+23.716,+1.581
15606.468,99,13,+22.015,+1.511
15616.772,99,13,+25.829,+1.083
15624.513,99,13,+28.117,+1.552
15631.128,99,13,+29.278,+2.131
15637.655,99,13,+28.393,+2.287
15642.052,99,13,+28.226,+1.840
15648.336,99,13,+28.298,+1.581
15654.897,99,13,+28.020,+2.213
15662.521,99,13,+27.506,+2.266
15667.788,99,13,+26.404,+2.364
15673.584,99,13,+24.784,+1.779
15679.519,99,13,+23.500,+1.662
15686.046,99,13,+22.141,+1.594
15693.106,99,13,+22.053,+0.888
15700.389,99,13,+20.293,+1.562
15707.145,99,13,+20.189,+1.536
15715.285,99,13,+19.309,+1.704
15722.519,99,13,+18.135,+1.759
15729.427,99,13,+17.224,+0.943
15742.708,99,13,+19.322,+0.962
15749.105,99,13,+21.513,+1.026
15756.775,99,13,+23.895,+1.285
15764.52,99,13,+24.440,+2.117
15771.99,99,13,+23.994,+2.350
15782.085,99,13,+24.417,+1.830
15788.789,99,13,+23.991,+1.915
15795.303,99,13,+23.343,+1.889
15804.687,99,13,+23.333,+1.850
15814.069,99,13,+25.121,+1.594
15822.559,99,13,+28.766,+2.749
15827.83,99,13,+28.887,+2.927
15833.917,99,13,+28.559,+3.229
15838.409,99,13,+28.054,+2.518
15844.643,99,13,+28.211,+1.526
15851.292,99,13,+28.005,+1.908
15858.827,99,13,+27.159,+2.079
15864.097,99,13,+26.241,+2.182
15870.044,99,13,+24.908,+1.871
15876.132,99,13,+23.533,+1.884
15883.383,99,13,+22.956,+1.261
15894.346,99,13,+26.919,+1.786
15902.36,99,13,+25.946,+2.238
15908.707,99,13,+24.886,+2.186
15916.648,99,13,+24.046,+2.456
15924.319,99,13,+23.064,+2.141
15931.056,99,13,+22.222,+1.532
15941.368,99,13,+20.877,+1.159
15945.958,99,13,+21.373,+1.014
15952.309,99,13,+21.738,+1.089
15959.978,99,13,+21.795,+1.686
15968.008,99,13,+22.389,+1.676
15979.565,99,13,+23.530,+1.584
17376.887,99,13,+24.163,+1.749
5.575,4,15,,
15423.483,4,15,+50.885,
15423.487,4,14,+50.885,
15430.12,4,14,+48.307,+8.292
15434.762,4,14,+46.113,+8.074
15439.447,4,14,+44.463,+8.292
15444.668,4,14,+42.102,+7.992
15449.137,4,14,+41.387,+7.920
15455.228,4,14,+40.103,+6.848
15461.203,4,14,+38.850,+5.836
15468.495,4,14,+37.629,+5.789
15473.684,4,14,+35.694,+5.787
15479.491,4,14,+33.663,+5.686
15485.238,4,14,+31.816,+5.421
15491.497,4,14,+29.869,+5.379
15496.94,4,14,+27.696,+4.639
15503.079,4,14,+24.440,+4.053
15508.317,4,14,+22.279,+2.577
15516.9,4,14,+21.813,+2.721
15523.163,4,14,+19.403,+1.544
15529.993,4,14,+17.977,+1.417
15547.558,4,14,+24.168,+3.330
15552.446,4,14,+24.875,+2.784
15558.668,4,14,+25.547,+2.187
15565.938,4,14,+24.993,+1.690
15574.04,4,14,+25.584,+1.120
15586.256,4,14,+27.444,+2.406
15593.528,4,14,+27.110,+2.947
15599.451,4,14,+25.553,+1.837
15608.134,4,14,+23.689,+1.674
15619.257,4,14,+28.301,+2.472
15626.682,4,14,+30.361,+2.244
15632.632,4,14,+30.776,+1.498
15642.212,4,14,+32.957,+4.564
15647.426,4,14,+33.469,+5.243
15653.454,4,14,+33.430,+5.132
15659.504,4,14,+32.620,+4.600
15666.82,4,14,+31.711,+4.205
15671.926,4,14,+30.557,+4.153
15677.447,4,14,+28.640,+3.856
15683.47,4,14,+27.274,+3.774
15689.567,4,14,+25.681,+3.540
15695.316,4,14,+24.275,+2.222
15701.923,4,14,+21.807,+1.514
15708.206,4,14,+21.306,+1.117
15716.452,4,14,+20.502,+1.193
15723.605,4,14,+19.249,+1.114
15731.175,4,14,+18.945,+1.721
15744.43,4,14,+21.011,+1.689
15752.368,4,14,+24.783,+3.270
15761.123,4,14,+28.228,+4.333
15767.687,4,14,+27.686,+3.246
15774.121,4,14,+26.088,+2.094
15784.02,4,14,+26.577,+2.160
15792.032,4,14,+27.213,+3.222
15798.655,4,14,+26.615,+3.272
15807.288,4,14,+25.865,+2.532
15816.807,4,14,+27.935,+2.814
15824.929,4,14,+31.171,+2.405
15831.52,4,14,+32.626,+3.739
15837.769,4,14,+32.489,+3.930
15842.691,4,14,+32.377,+4.323
15848.538,4,14,+32.049,+3.838
15854.616,4,14,+31.289,+3.284
15862.052,4,14,+30.375,+3.216
15867.369,4,14,+29.471,+3.230
15873.091,4,14,+27.935,+3.027
15879.086,4,14,+26.424,+2.891
15886.58,4,14,+26.131,+3.175
15896.124,4,14,+28.682,+1.763
15904.158,4,14,+27.770,+1.824
15910.908,4,14,+27.125,+2.239
15918.806,4,14,+26.243,+2.197
15925.361,4,14,+24.148,+1.084
15932.314,4,14,+23.484,+1.262
15944.03,4,14,+23.567,+2.690
15949.27,4,14,+24.707,+3.334
15956.018,4,14,+25.455,+3.717
15963.193,4,14,+25.024,+3.229
15971.007,4,14,+25.393,+3.004
15981.825,4,14,+26.085,+2.555
17376.887,4,14,+27.110,+2.947
5.575,22,16,,
15427.672,22,16,+55.141,
15427.684,22,15,+55.141,
15435.077,22,15,+53.270,+4.963
15439.771,22,15,+51.101,+4.988
15443.475,22,15,+48.514,+4.051
15448.043,22,15,+45.470,+3.368
15451.804,22,15,+44.030,+2.643
15457.57,22,15,+42.557,+2.454
15464.275,22,15,+41.991,+3.141
15471.208,22,15,+40.336,+2.707
15476.135,22,15,+38.122,+2.428
15482.419,22,15,+36.602,+2.939
15488.569,22,15,+35.080,+3.264
15494.788,22,15,+33.172,+3.303
15500.62,22,15,+31.389,+3.693
15507.049,22,15,+28.368,+3.928
15512.328,22,15,+26.289,+4.010
15520.108,22,15,+24.995,+3.182
15526.667,22,15,+22.765,+3.362
15533.15,22,15,+21.156,+3.179
15549.15,22,15,+25.755,+1.587
15554.707,22,15,+27.150,+2.275
15561.44,22,15,+28.307,+2.760
15568.628,22,15,+27.613,+2.620
15576.651,22,15,+28.152,+2.568
15587.684,22,15,+28.885,+1.441
15594.749,22,15,+28.329,+1.219
15600.989,22,15,+27.196,+1.643
15610.068,22,15,+25.597,+1.908
15621.211,22,15,+30.296,+1.995
15629.302,22,15,+32.923,+2.562
15634.243,22,15,+32.389,+1.613
15644.952,22,15,+35.605,+2.648
15650.059,22,15,+36.219,+2.750
15656.614,22,15,+36.580,+3.150
15662.779,22,15,+35.878,+3.258
15669.624,22,15,+34.573,+2.862
15674.503,22,15,+33.151,+2.594
15680.569,22,15,+31.776,+3.136
15686.485,22,15,+30.401,+3.127
15692.636,22,15,+28.712,+3.031
15698.517,22,15,+27.474,+3.199
15705.258,22,15,+25.138,+3.331
15710.37,22,15,+23.486,+2.180
15718.32,22,15,+22.381,+1.879
15725.158,22,15,+20.713,+1.464
15732.871,22,15,+20.645,+1.700
15745.677,22,15,+22.273,+1.262
15753.915,22,15,+26.351,+1.568
15763.397,22,15,+30.534,+2.306
15770.381,22,15,+30.409,+2.723
15776.673,22,15,+28.684,+2.596
15786.075,22,15,+28.628,+2.051
15793.036,22,15,+28.263,+1.050
15800.047,22,15,+28.051,+1.436
15809.174,22,15,+27.794,+1.929
15819.156,22,15,+30.211,+2.276
15827.004,22,15,+33.184,+2.013
15832.913,22,15,+34.028,+1.402
15839.461,22,15,+34.166,+1.677
15843.847,22,15,+33.568,+1.191
15850.189,22,15,+33.736,+1.687
15856.924,22,15,+33.660,+2.371
15863.829,22,15,+32.146,+1.771
15868.805,22,15,+30.925,+1.454
15875.457,22,15,+30.317,+2.382
15881.474,22,15,+28.825,+2.401
15888.803,22,15,+28.413,+2.282
15898.689,22,15,+31.267,+2.585
15906.62,22,15,+30.244,+2.474
15913.572,22,15,+29.725,+2.600
15921.942,22,15,+29.379,+3.136
15928.555,22,15,+27.276,+3.128
15934.862,22,15,+26.034,+2.550
15945.726,22,15,+25.245,+1.678
15950.866,22,15,+26.254,+1.547
15958.143,22,15,+27.553,+2.098
15966.364,22,15,+28.130,+3.106
15973.659,22,15,+28.059,+2.666
15984.565,22,15,+28.781,+2.696
17376.887,22,15,+28.329,+1.219
5.575,47,17,,
15428.692,47,17,+56.181,
15428.701,47,16,+56.181,
15436.272,47,16,+54.396,+1.126
15441.985,47,16,+53.321,+2.220
15446.44,47,16,+51.448,+2.934
15451.568,47,16,+49.038,+3.568
15455.526,47,16,+47.750,+3.720
15461.585,47,16,+46.440,+3.883
15467.919,47,16,+45.612,+3.621
15475.225,47,16,+44.351,+4.015
15480.391,47,16,+42.364,+4.242
15485.819,47,16,+40.007,+3.405
15491.642,47,16,+38.162,+3.082
15497.851,47,16,+36.166,+2.994
15503.491,47,16,+34.231,+2.842
15510.046,47,16,+31.401,+3.033
15515.39,47,16,+29.323,+3.034
15522.713,47,16,+27.569,+2.574
15529.275,47,16,+25.455,+2.690
15535.962,47,16,+23.933,+2.777
15550.409,47,16,+27.027,+1.272
15555.619,47,16,+28.041,+0.891
15562.058,47,16,+28.959,+0.652
15569.644,47,16,+28.661,+1.048
15577.527,47,16,+29.042,+0.890
15589.141,47,16,+30.344,+1.459
15595.934,47,16,+29.507,+1.178
15602.39,47,16,+28.553,+1.357
15611.292,47,16,+26.811,+1.214
15621.69,47,16,+30.719,+0.423
15630.169,47,16,+33.816,+0.893
15635.082,47,16,+33.278,+0.889
15645.45,47,16,+36.186,+0.581
15650.704,47,16,+36.847,+0.628
15657.425,47,16,+37.408,+0.828
15664.057,47,16,+37.116,+1.238
15671.242,47,16,+36.156,+1.583
15676.327,47,16,+34.931,+1.780
15682.309,47,16,+33.475,+1.699
15688.275,47,16,+32.182,+1.781
15694.66,47,16,+30.722,+2.010
15700.62,47,16,+29.544,+2.070
15707.257,47,16,+27.053,+1.915
15712.442,47,16,+25.484,+1.998
15719.646,47,16,+23.668,+1.287
15726.939,47,16,+22.507,+1.794
15734.301,47,16,+22.082,+1.437
15746.632,47,16,+23.231,+0.958
15754.238,47,16,+26.651,+0.300
15763.949,47,16,+31.047,+0.513
15771.335,47,16,+31.313,+0.904
15777.834,47,16,+29.821,+1.137
15788.047,47,16,+30.609,+1.981
15794.794,47,16,+29.966,+1.703
15801.306,47,16,+29.321,+1.270
15810.184,47,16,+28.807,+1.013
15819.599,47,16,+30.650,+0.439
15827.71,47,16,+33.933,+0.749
15833.514,47,16,+34.619,+0.591
15839.983,47,16,+34.684,+0.518
15844.796,47,16,+34.510,+0.942
15851.958,47,16,+35.490,+1.754
15858.77,47,16,+35.506,+1.846
15865.856,47,16,+34.209,+2.063
15870.919,47,16,+33.050,+2.125
15876.605,47,16,+31.450,+1.133
15883.918,47,16,+31.287,+2.462
15891.615,47,16,+31.126,+2.713
15900.261,47,16,+32.765,+1.498
15907.75,47,16,+31.378,+1.134
15914.694,47,16,+30.869,+1.144
15923.206,47,16,+30.614,+1.235
15930.36,47,16,+29.120,+1.844
15937.166,47,16,+28.317,+2.283
15946.942,47,16,+26.431,+1.186
15951.641,47,16,+27.022,+0.768
15958.71,47,16,+28.165,+0.612
15966.867,47,16,+28.672,+0.542
15975.467,47,16,+29.865,+1.806
15986.73,47,16,+30.900,+2.119
17376.887,47,16,+29.507,+1.178
5.575,9,18,,
15432.048,9,18,+59.518,
15432.057,9,17,+59.518,
15438.723,9,17,+56.912,+2.516
15444.548,9,17,+55.820,+2.499
15448.985,9,17,+53.991,+2.543
15454.225,9,17,+51.681,+2.643
15458.143,9,17,+50.391,+2.641
15464.203,9,17,+49.094,+2.654
15469.976,9,17,+47.661,+2.049
15477.134,9,17,+46.272,+1.921
15482.212,9,17,+44.258,+1.894
15487.659,9,17,+41.851,+1.844
15493.681,9,17,+40.238,+2.076
15500.039,9,17,+38.368,+2.202
15505.564,9,17,+36.332,+2.101
15511.998,9,17,+33.317,+1.916
15517.147,9,17,+31.089,+1.766
15524.212,9,17,+29.111,+1.542
15530.963,9,17,+27.159,+1.704
15537.353,9,17,+25.345,+1.412
15551.582,9,17,+28.162,+1.135
15557.682,9,17,+30.125,+2.084
15563.814,9,17,+30.684,+1.725
15571.214,9,17,+30.236,+1.575
15580.241,9,17,+31.761,+2.719
15591.293,9,17,+32.475,+2.131
15598.358,9,17,+31.993,+2.486
15604.594,9,17,+30.736,+2.183
15613.392,9,17,+28.910,+2.099
15624.385,9,17,+33.409,+2.690
15632.702,9,17,+36.352,+2.536
15637.4,9,17,+35.543,+2.265
15648.162,9,17,+38.909,+2.723
15654.039,9,17,+40.162,+3.315
15660.554,9,17,+40.512,+3.104
15666.534,9,17,+39.638,+2.522
15673.721,9,17,+38.655,+2.499
15678.933,9,17,+37.596,+2.665
15684.472,9,17,+35.685,+2.210
15690.686,9,17,+34.595,+2.413
15697.253,9,17,+33.320,+2.598
15702.782,9,17,+31.747,+2.203
15709.189,9,17,+29.095,+2.042
15714.436,9,17,+27.499,+2.015
15721.437,9,17,+25.470,+1.802
15728.136,9,17,+23.776,+1.269
15735.32,9,17,+23.096,+1.014
15747.776,9,17,+24.354,+1.123
15755.566,9,17,+27.995,+1.344
15765.219,9,17,+32.332,+1.285
15773.191,9,17,+33.175,+1.862
15779.819,9,17,+31.814,+1.993
15789.38,9,17,+31.979,+1.370
15796.463,9,17,+31.635,+1.669
15802.392,9,17,+30.394,+1.073
15811.37,9,17,+29.980,+1.173
15821.522,9,17,+32.633,+1.983
15830.612,9,17,+36.835,+2.902
15835.303,9,17,+36.417,+1.798
15841.723,9,17,+36.324,+1.640
15846.1,9,17,+35.798,+1.288
15853.421,9,17,+36.985,+1.495
15859.834,9,17,+36.559,+1.053
15867.268,9,17,+35.490,+1.281
15872.313,9,17,+34.447,+1.397
15877.867,9,17,+32.730,+1.280
15885.244,9,17,+32.633,+1.346
15892.673,9,17,+32.218,+1.092
15902.261,9,17,+34.830,+2.065
15909.629,9,17,+33.235,+1.857
15916.23,9,17,+32.420,+1.551
15924.273,9,17,+31.684,+1.070
15931.587,9,17,+30.364,+1.244
15938.862,9,17,+29.993,+1.676
15948.643,9,17,+28.168,+1.737
15953.066,9,17,+28.477,+1.455
15959.689,9,17,+29.130,+0.965
15967.596,9,17,+29.356,+0.684
15975.891,9,17,+30.305,+0.440
15988.479,9,17,+32.687,+1.787
17376.887,9,17,+31.993,+2.486
5.575,18,19,,
15435.886,18,19,+63.079,
15435.906,18,18,+63.079,
15442.351,18,18,+60.554,+3.642
15447.652,18,18,+58.995,+3.175
15452.076,18,18,+57.089,+3.098
15457.518,18,18,+54.982,+3.301
15461.54,18,18,+53.699,+3.308
15466.836,18,18,+51.736,+2.642
15472.903,18,18,+50.604,+2.943
15479.956,18,18,+49.127,+2.855
15484.967,18,18,+46.993,+2.735
15490.884,18,18,+44.772,+2.921
15496.519,18,18,+43.101,+2.863
15502.92,18,18,+41.250,+2.882
15508.539,18,18,+39.317,+2.985
15515.131,18,18,+36.450,+3.133
15520.42,18,18,+34.365,+3.276
15527.503,18,18,+32.369,+3.258
15533.982,18,18,+30.130,+2.971
15540.101,18,18,+28.087,+2.742
15553.072,18,18,+29.395,+1.233
15559.614,18,18,+32.082,+1.957
15565.895,18,18,+32.721,+2.037
15573.477,18,18,+32.509,+2.273
15582.031,18,18,+33.582,+1.821
15593.692,18,18,+34.655,+2.180
15600.524,18,18,+34.108,+2.115
15607.348,18,18,+33.542,+2.806
15616.164,18,18,+31.725,+2.815
15627.371,18,18,+36.098,+2.689
15635.531,18,18,+39.213,+2.861
15640.634,18,18,+38.771,+3.228
15650.195,18,18,+40.941,+2.032
15656.124,18,18,+42.297,+2.135
15663.149,18,18,+43.156,+2.644
15670.122,18,18,+42.941,+3.303
15676.89,18,18,+41.844,+3.189
15681.979,18,18,+40.556,+2.960
15687.986,18,18,+38.869,+3.184
15693.751,18,18,+37.680,+3.085
15700.185,18,18,+36.237,+2.917
15705.785,18,18,+34.741,+2.994
15712.225,18,18,+32.090,+2.995
15717.293,18,18,+30.356,+2.857
15723.984,18,18,+28.050,+2.580
15730.298,18,18,+25.923,+2.147
15736.653,18,18,+24.425,+1.329
15749.538,18,18,+26.153,+1.799
15757.242,18,18,+29.643,+1.648
15767.833,18,18,+34.625,+2.293
15776.41,18,18,+36.364,+3.189
15782.559,18,18,+34.553,+2.739
15791.753,18,18,+34.087,+2.108
15798.608,18,18,+33.767,+2.132
15804.959,18,18,+32.996,+2.602
15813.675,18,18,+32.284,+2.304
15822.677,18,18,+33.471,+0.838
15832.555,18,18,+38.810,+1.975
15837.697,18,18,+38.811,+2.394
15844.123,18,18,+38.866,+2.542
15848.37,18,18,+38.059,+2.261
15854.806,18,18,+38.382,+1.397
15861.838,18,18,+38.572,+2.013
15869.007,18,18,+37.364,+1.874
15874.014,18,18,+36.161,+1.714
15880.046,18,18,+34.592,+1.862
15888.883,18,18,+36.191,+3.558
15896.452,18,18,+35.997,+3.779
15904.666,18,18,+37.208,+2.378
15912.21,18,18,+35.819,+2.584
15918.475,18,18,+34.672,+2.252
15926.497,18,18,+33.922,+2.238
15933.91,18,18,+32.646,+2.282
15940.743,18,18,+31.909,+1.916
15951.161,18,18,+30.672,+2.504
15955.854,18,18,+31.236,+2.759
15961.825,18,18,+31.298,+2.168
15969.577,18,18,+31.400,+2.044
15977.67,18,18,+32.034,+1.729
15990.903,18,18,+34.838,+2.151
17376.887,18,18,+34.108,+2.115
5.575,7,20,,
15439.082,7,20,+66.575,
15439.092,7,19,+66.575,
15446.786,7,19,+64.984,+4.430
15452.411,7,19,+63.731,+4.736
15456.868,7,19,+61.887,+4.798
15462.189,7,19,+59.632,+4.650
15466.341,7,19,+58.593,+4.894
15472.493,7,19,+57.400,+5.664
15479.314,7,19,+57.015,+6.411
15486.235,7,19,+55.406,+6.279
15491.279,7,19,+53.272,+6.279
15496.8,7,19,+51.014,+6.242
15502.68,7,19,+49.255,+6.154
15508.856,7,19,+47.203,+5.953
15514.581,7,19,+45.360,+6.043
15520.743,7,19,+42.081,+5.631
15526.078,7,19,+39.972,+5.607
15532.782,7,19,+37.684,+5.315
15539.114,7,19,+35.331,+5.201
15545.366,7,19,+33.356,+5.269
15555.799,7,19,+32.419,+3.024
15561.51,7,19,+33.968,+1.886
15567.833,7,19,+34.718,+1.997
15575.292,7,19,+34.312,+1.803
15586.011,7,19,+37.550,+3.968
15596.091,7,19,+37.043,+2.388
15602.468,7,19,+36.054,+1.946
15609.215,7,19,+35.343,+1.801
15617.983,7,19,+33.517,+1.792
15629.435,7,19,+38.466,+2.368
15637.385,7,19,+41.002,+1.789
15643.233,7,19,+41.380,+2.609
15651.64,7,19,+42.395,+1.454
15659.21,7,19,+45.397,+3.100
15666.767,7,19,+46.741,+3.585
15673.528,7,19,+46.668,+3.727
15680.693,7,19,+45.650,+3.806
15685.763,7,19,+44.367,+3.811
15691.1,7,19,+42.238,+3.369
15696.775,7,19,+40.715,+3.035
15702.834,7,19,+38.927,+2.690
15708.889,7,19,+37.824,+3.083
15714.994,7,19,+34.902,+2.812
15720.248,7,19,+33.321,+2.965
15727.133,7,19,+31.117,+3.067
15733.452,7,19,+29.074,+3.151
15739.781,7,19,+27.548,+3.123
15751.309,7,19,+27.919,+1.766
15759.584,7,19,+32.027,+2.384
15769.014,7,19,+36.110,+1.485
15778.394,7,19,+38.383,+2.019
15785.058,7,19,+37.058,+2.505
15794.502,7,19,+37.072,+2.985
15801.508,7,19,+36.643,+2.876
15807.709,7,19,+35.708,+2.712
15816.494,7,19,+35.094,+2.810
15825.088,7,19,+36.164,+2.693
15834.93,7,19,+41.176,+2.366
15840.785,7,19,+41.897,+3.086
15847.23,7,19,+41.881,+3.015
15852.208,7,19,+41.876,+3.817
15859.358,7,19,+42.887,+4.505
15866.135,7,19,+42.870,+4.298
15873.141,7,19,+41.516,+4.152
15878.256,7,19,+40.446,+4.285
15885.825,7,19,+40.647,+6.055
15892.343,7,19,+39.726,+3.535
15899.355,7,19,+38.864,+2.867
15907.133,7,19,+39.650,+2.442
15914.963,7,19,+38.573,+2.754
15921.664,7,19,+37.852,+3.180
15929.606,7,19,+37.042,+3.120
15936.728,7,19,+35.515,+2.869
15943.462,7,19,+34.642,+2.733
15952.376,7,19,+31.881,+1.209
15957.762,7,19,+33.183,+1.947
15964.165,7,19,+33.617,+2.319
15971.775,7,19,+33.604,+2.204
15980.274,7,19,+34.644,+2.610
15992.355,7,19,+36.322,+1.484
17376.887,7,19,+36.054,+1.946
